timestamp,cpu,gpu,inbound,outbound,users,processes,attack
2026-02-17 04:59:09.776539,42.2200641213348,15.049296072868568,175.24716275074002,139.1785673592869,94,203,0
2026-02-17 05:14:09.776539,22.566079253438634,34.847297924073885,148.48879188562776,68.35409976359877,141,221,0
2026-02-17 05:29:09.776539,90.0,30.517459925893185,107.85257620909533,569.0,168,293,1
2026-02-17 05:44:09.776539,99.0,10.775040315589745,105.1260723428288,501.0,178,183,1
2026-02-17 05:59:09.776539,29.940273676737846,27.21380192317082,157.23069211046206,147.12896676736955,154,187,0
2026-02-17 06:14:09.776539,18.38124980231239,44.160489610987874,187.97994530046603,173.86813207345284,197,110,0
2026-02-17 06:29:09.776539,94.0,17.719754976132652,184.74466947440683,790.0,104,210,1
2026-02-17 06:44:09.776539,52.83617726436008,36.922134683111594,139.50041598517194,137.87408261146345,181,110,0
2026-02-17 06:59:09.776539,86.0,45.70535817484286,141.90748407579227,714.0,152,176,1
2026-02-17 07:14:09.776539,23.94525736839707,40.52507419562588,192.13298436332315,100.90101421813387,184,162,0
2026-02-17 07:29:09.776539,50.21943877712801,36.745936672036024,155.6730389726623,128.7832951775432,181,255,0
2026-02-17 07:44:09.776539,25.93189427409311,38.300983326879354,145.2006566639284,134.15661433124276,178,290,0
2026-02-17 07:59:09.776539,59.829540541980435,21.89827822807477,83.43096919676913,191.71577016677253,177,243,0
2026-02-17 08:14:09.776539,54.949311421548195,15.289950912265244,145.1527229786424,127.31667472044224,188,129,0
2026-02-17 08:29:09.776539,100.0,23.347779844070132,72.79846499654656,799.0,101,272,1
2026-02-17 08:44:09.776539,51.100047149485704,31.622862850570687,52.993917821794454,80.69563745954773,188,182,0
2026-02-17 08:59:09.776539,15.513660891910138,38.293332396408495,134.39696224230482,64.0647237735089,128,252,0
2026-02-17 09:14:09.776539,98.0,43.0943725502367,162.32360366568466,795.0,128,108,1
2026-02-17 09:29:09.776539,17.139584671146395,5.8603879155532725,125.86111377104963,142.45743724898122,127,218,0
2026-02-17 09:44:09.776539,50.3422103478168,40.26744204673703,55.88346471133205,61.15612958373525,181,170,0
2026-02-17 09:59:09.776539,48.0514793554802,40.93022065727741,144.24614336753143,164.4738363585621,101,274,0
2026-02-17 10:14:09.776539,55.42882098087826,36.335778493638124,169.88348707243767,187.88802837830798,165,284,0
2026-02-17 10:29:09.776539,54.83546203733462,46.81296245772822,87.35758421031488,134.39294515685884,117,238,0
2026-02-17 10:44:09.776539,34.74850880088739,45.03066723111693,113.30410593970046,51.140680521287926,185,205,0
2026-02-17 10:59:09.776539,37.03473097507768,47.49591405565626,72.76086336867992,73.02179844727384,198,236,0
2026-02-17 11:14:09.776539,90.0,8.871032887666814,59.23864474677076,740.0,168,270,1
2026-02-17 11:29:09.776539,59.49168071406233,25.37046858214687,92.9187479243817,93.05664966818301,168,237,0
2026-02-17 11:44:09.776539,89.0,40.43089653499163,93.97419289570091,648.0,166,223,1
2026-02-17 11:59:09.776539,92.0,5.608562965739193,53.37846036261253,786.0,87,103,1
2026-02-17 12:14:09.776539,37.656823485701075,13.05239233830644,110.78691708155803,166.38231894841417,191,189,0
2026-02-17 12:29:09.776539,90.0,27.00635379053567,146.97033442013532,478.0,118,151,1
2026-02-17 12:44:09.776539,39.263926355815855,15.02341579350101,153.38886325784082,79.35349920742125,156,271,0
2026-02-17 12:59:09.776539,37.438807432009014,11.445476567402842,141.34209284590872,56.42715338530103,156,193,0
2026-02-17 13:14:09.776539,27.84298511383061,38.623060823023465,52.23929700796818,56.69497096485529,170,177,0
2026-02-17 13:29:09.776539,27.800995732423857,32.83649585513161,112.04189193147894,77.09705126674797,105,200,0
2026-02-17 13:44:09.776539,48.207929651126705,23.694873678654325,198.06291521777052,76.5889788049728,150,238,0
2026-02-17 13:59:09.776539,43.89964280402105,49.809328874559334,89.3819397947029,96.95369694385818,197,121,0
2026-02-17 14:14:09.776539,44.31108756285269,13.551318313408446,71.82519865015793,59.366909433027395,85,119,0
2026-02-17 14:29:09.776539,94.0,47.24609681823797,67.6451603302196,656.0,141,147,1
2026-02-17 14:44:09.776539,38.581091770369596,46.594340206461375,162.07073829527855,78.01269270953487,133,273,0
2026-02-17 14:59:09.776539,14.477162639501392,27.65131175228223,113.34113480662592,154.5518008720076,127,278,0
2026-02-17 15:14:09.776539,20.15779826241977,14.476220407587386,151.3860918977827,169.75821497567648,190,174,0
2026-02-17 15:29:09.776539,46.06742143133228,35.77543380681365,59.04060741720907,73.3899465445908,130,291,0
2026-02-17 15:44:09.776539,39.34465800138497,18.604730987794028,199.55137589329547,64.95124896691792,80,226,0
2026-02-17 15:59:09.776539,26.181384611138693,24.05959885474866,149.41406737400422,75.06051214960706,131,107,0
2026-02-17 16:14:09.776539,17.71335237715054,30.455042379055193,71.61934611580463,181.99527081935884,85,274,0
2026-02-17 16:29:09.776539,94.0,18.913577678889077,147.70446369045885,765.0,110,224,1
2026-02-17 16:44:09.776539,15.058529640519467,26.099144865041033,53.168999002476646,199.27362367652827,129,139,0
2026-02-17 16:59:09.776539,21.402115505102493,5.875399301913441,143.6953641249077,65.8001755403838,118,221,0
2026-02-17 17:14:09.776539,25.35944541702401,11.300878207397584,54.064856324028646,139.8219343094625,126,171,0
2026-02-17 17:29:09.776539,96.0,49.25793081472672,59.48032440035012,748.0,181,205,1
2026-02-17 17:44:09.776539,51.8782042346722,20.658024378624514,63.87233967812715,58.17730021200454,116,290,0
2026-02-17 17:59:09.776539,33.55302361574432,18.580558061933317,67.31173311441968,188.5434106881269,165,147,0
2026-02-17 18:14:09.776539,37.054816390508606,30.341719329592706,142.36111328311927,193.27883536092847,176,270,0
2026-02-17 18:29:09.776539,45.60863412571958,5.220107459089344,113.87243902890043,126.60421134956621,149,204,0
2026-02-17 18:44:09.776539,26.95279837815129,20.997292666570146,53.98485116073407,137.5865071881014,150,101,0
2026-02-17 18:59:09.776539,87.0,48.61611610094957,62.43551456666974,467.0,144,166,1
2026-02-17 19:14:09.776539,28.413602654891136,24.319877355651304,93.63650969798482,63.70000565127849,188,194,0
2026-02-17 19:29:09.776539,49.28407869865749,46.66827895102936,101.49629807295594,61.10164909329823,179,157,0
2026-02-17 19:44:09.776539,90.0,31.307052104365404,88.13676838611872,444.0,133,187,1
2026-02-17 19:59:09.776539,32.05285726256268,15.437811018559165,95.55252449974179,97.57138911639466,108,168,0
2026-02-17 20:14:09.776539,85.0,30.125512218672032,109.66448341883336,636.0,102,119,1
2026-02-17 20:29:09.776539,92.0,23.427477039523797,136.1260599621342,432.0,133,166,1
2026-02-17 20:44:09.776539,10.473760272545643,9.97907106669998,195.99000460097147,190.6826896127627,151,263,0
2026-02-17 20:59:09.776539,25.54392542445524,5.923856175044288,163.28907482887112,183.7688518197284,127,283,0
2026-02-17 21:14:09.776539,99.0,13.469555507791009,148.43149849193665,500.0,174,244,1
2026-02-17 21:29:09.776539,33.63831569729665,42.84788814703533,120.6333557349728,153.0992568614608,86,147,0
2026-02-17 21:44:09.776539,91.0,21.037663339609548,103.69907013599311,479.0,125,152,1
2026-02-17 21:59:09.776539,39.04743474197181,37.01337013344245,141.4671028359398,96.35204765390463,173,147,0
2026-02-17 22:14:09.776539,25.146074269746208,9.163806828830175,145.18386405260304,54.591768876063355,123,254,0
2026-02-17 22:29:09.776539,87.0,17.803119079457087,136.07146912404687,730.0,139,260,1
2026-02-17 22:44:09.776539,22.799001118347746,29.222980455531182,170.58240791296095,139.2039465508035,107,201,0
2026-02-17 22:59:09.776539,19.30518474920313,44.258685450161664,104.55976503860276,193.298947787856,108,288,0
2026-02-17 23:14:09.776539,23.595704532412526,37.90241349832701,195.22821510791888,81.61193661998709,167,149,0
2026-02-17 23:29:09.776539,49.3496496842947,17.127657263904716,92.11359562069671,172.74681674455096,99,168,0
2026-02-17 23:44:09.776539,32.22667429203237,6.775269599485679,53.62589377023998,65.27243664943994,169,184,0
2026-02-17 23:59:09.776539,97.0,25.20603946291142,172.49822108158946,428.0,122,131,1
2026-02-18 00:14:09.776539,39.9658689653825,15.308195330240201,63.54508367342082,172.69255101352843,197,123,0
2026-02-18 00:29:09.776539,12.426781685305745,14.736836861555911,147.91492436115908,58.24118690978082,127,128,0
2026-02-18 00:44:09.776539,28.90092410703342,27.625265760265105,69.75120648552638,68.15173803446345,102,155,0
2026-02-18 00:59:09.776539,36.07125220678839,23.36783865543305,64.94269065454598,170.74734644851952,122,121,0
2026-02-18 01:14:09.776539,85.0,11.260286551405454,85.1802501291101,451.0,108,251,1
2026-02-18 01:29:09.776539,100.0,46.16566902346412,102.22337281833123,495.0,170,248,1
2026-02-18 01:44:09.776539,97.0,49.91617196352371,163.42548397997223,532.0,133,211,1
2026-02-18 01:59:09.776539,17.708234829356194,16.306398477320336,72.71160027518249,63.57333132773964,93,251,0
2026-02-18 02:14:09.776539,11.881242819713819,34.9761840448885,158.77343946421755,149.77335109821968,189,151,0
2026-02-18 02:29:09.776539,45.32920474772738,17.35332320410539,189.4849451355978,87.06835774525352,168,133,0
2026-02-18 02:44:09.776539,97.0,10.100341532963798,103.79138597222473,463.0,97,129,1
2026-02-18 02:59:09.776539,24.638055407677157,38.49727619334557,56.45099625252595,87.46215880046367,168,286,0
2026-02-18 03:14:09.776539,33.84544139971726,12.26221080062512,87.91203889759356,78.62498006733014,182,224,0
2026-02-18 03:29:09.776539,95.0,24.7816447888533,167.10865632148352,765.0,108,219,1
2026-02-18 03:44:09.776539,30.5177715683751,14.014313418206157,183.69645126586374,67.44352703368125,163,203,0
2026-02-18 03:59:09.776539,85.0,30.268014365223348,167.49770279505975,725.0,82,166,1
2026-02-18 04:14:09.776539,99.0,40.09073469582333,82.02030006537798,669.0,94,123,1
2026-02-18 04:29:09.776539,96.0,27.55314057585501,80.90782690589208,403.0,168,148,1
2026-02-18 04:44:09.776539,31.571166954947678,20.74525080610129,194.91996353200912,68.1451324225684,108,253,0
2026-02-18 04:59:09.776539,54.19354042173776,5.118619740826446,64.04056533508573,168.94861546159927,140,293,0
2026-02-18 05:14:09.776539,24.354439070882727,9.897360175687073,157.55445171100186,168.90497216216542,158,124,0
2026-02-18 05:29:09.776539,25.79569759315561,12.154705137064752,100.50066028950496,156.64389161544614,175,202,0
2026-02-18 05:44:09.776539,11.673436213251488,49.35616415093361,116.148688732779,148.41724136500414,194,265,0
2026-02-18 05:59:09.776539,97.0,21.3035180872844,85.34514535672281,708.0,100,168,1
2026-02-18 06:14:09.776539,57.26752053974649,43.067361284925965,167.62051585063244,117.67612465552365,102,210,0
2026-02-18 06:29:09.776539,26.80513592400812,23.01101389563041,169.42923559714046,169.09212337728675,104,163,0
2026-02-18 06:44:09.776539,19.84448981220062,25.119290810979216,189.74507772090485,84.16667152190207,96,142,0
2026-02-18 06:59:09.776539,91.0,32.05583475081124,50.70054323790205,413.0,135,275,1
2026-02-18 07:14:09.776539,97.0,23.008870479169165,181.87945839645576,483.0,100,235,1
2026-02-18 07:29:09.776539,27.632009941779476,38.11570658049587,71.83032063763434,174.24137591404047,166,152,0
2026-02-18 07:44:09.776539,47.62250960604212,27.022781347565765,99.74047818897293,61.073785786246404,115,110,0
2026-02-18 07:59:09.776539,38.58572810283751,12.459452643830222,83.95901000494317,139.51047472023265,113,157,0
2026-02-18 08:14:09.776539,87.0,46.99157961414784,137.18936564799884,581.0,101,248,1
2026-02-18 08:29:09.776539,46.80101722949618,13.693083555738738,121.0371710302667,160.4224372955788,113,117,0
2026-02-18 08:44:09.776539,57.621844204210895,28.93256155056314,125.31643251955217,81.0945875377001,96,123,0
2026-02-18 08:59:09.776539,42.4328669070704,11.411104478044914,157.1150908677809,103.79306915023513,107,160,0
2026-02-18 09:14:09.776539,87.0,9.167734440609763,79.37790374372531,508.0,172,202,1
2026-02-18 09:29:09.776539,89.0,30.33605975432471,174.69534883317675,423.0,97,144,1
2026-02-18 09:44:09.776539,97.0,20.198810370846306,88.0393976915499,502.0,96,144,1
2026-02-18 09:59:09.776539,14.413000616291392,40.343211766291404,90.82521411221305,67.80693147090426,128,298,0
2026-02-18 10:14:09.776539,93.0,5.472330229310576,101.73928789143285,655.0,114,187,1
2026-02-18 10:29:09.776539,94.0,10.732000432437783,145.20081183907283,437.0,113,102,1
2026-02-18 10:44:09.776539,54.15925847070338,37.86838806907172,181.93671264257873,86.98997934866193,182,181,0
2026-02-18 10:59:09.776539,45.68395640237114,18.70418061339251,149.7005954003693,143.38579663138333,92,112,0
2026-02-18 11:14:09.776539,31.69844498555061,39.14662564468167,117.85845688529534,56.01678545332253,135,101,0
2026-02-18 11:29:09.776539,32.405640095429895,31.49836319047331,195.9000435979102,61.33284938201352,145,117,0
2026-02-18 11:44:09.776539,97.0,46.914293496053716,186.16408831289397,473.0,200,218,1
2026-02-18 11:59:09.776539,51.410870403998636,49.91600972970477,106.98927237223037,76.67568602231289,157,176,0
2026-02-18 12:14:09.776539,22.768900164638175,35.28479704444414,60.81923502631286,157.25785764085032,146,297,0
2026-02-18 12:29:09.776539,32.94737523063661,35.23029341157638,67.55013852370307,180.38472054290315,154,267,0
2026-02-18 12:44:09.776539,10.492408876212824,34.7791656555422,177.06797558555508,114.75866446567241,142,291,0
2026-02-18 12:59:09.776539,13.947362465886489,23.620745727796884,63.72220879236833,68.16308446214032,183,163,0
2026-02-18 13:14:09.776539,53.432773911761444,30.564497877285138,147.48547146931327,173.82639135754465,163,239,0
2026-02-18 13:29:09.776539,43.211737195712004,11.09257980180449,76.71976922260363,155.20432592015936,119,239,0
2026-02-18 13:44:09.776539,46.90523097876865,39.769446776934,170.50005943556084,60.21522637666614,158,187,0
2026-02-18 13:59:09.776539,22.285243629713182,39.86308554280391,139.4644820503528,188.1271223631743,102,147,0
2026-02-18 14:14:09.776539,14.54468343712115,44.34423893360646,92.44831583434396,174.30514401291407,115,249,0
2026-02-18 14:29:09.776539,20.36612785884935,25.945681885258836,138.8283518001616,191.94662526898912,97,231,0
2026-02-18 14:44:09.776539,85.0,31.55463669501132,76.16099088133052,674.0,109,193,1
2026-02-18 14:59:09.776539,17.732515047977536,46.76551641061452,180.30278292865583,91.08359145372938,157,151,0
2026-02-18 15:14:09.776539,22.347898732377708,38.313468609471066,178.62078391070534,141.25707167227074,176,234,0
2026-02-18 15:29:09.776539,51.75967735169716,30.697367347341572,128.14485385933565,149.23012448781202,194,148,0
2026-02-18 15:44:09.776539,59.495648115894944,30.5793641379852,117.98271225471669,179.7280699243871,158,185,0
2026-02-18 15:59:09.776539,32.69347253146703,30.86462492229041,198.39329021693396,177.1754957980062,169,254,0
2026-02-18 16:14:09.776539,36.00872360103132,37.14737389590581,101.35737561274192,115.5921075063742,113,292,0
2026-02-18 16:29:09.776539,25.857543877863794,27.089909795167454,165.7328119757101,141.11064779091936,86,133,0
2026-02-18 16:44:09.776539,92.0,43.569438228048895,166.91718068377963,420.0,149,288,1
2026-02-18 16:59:09.776539,36.04049271870665,26.204183538633846,158.54039561798015,196.99046095034652,92,184,0
2026-02-18 17:14:09.776539,33.67466811291081,34.647650842587936,76.69918322187729,68.18811455363084,130,129,0
2026-02-18 17:29:09.776539,41.9206812424998,36.25611766158258,120.16681665839951,190.56571590540207,163,126,0
2026-02-18 17:44:09.776539,90.0,39.72643553133789,67.99864410684263,608.0,132,222,1
2026-02-18 17:59:09.776539,94.0,27.31753197049538,180.44051472597587,677.0,112,152,1
2026-02-18 18:14:09.776539,31.673029124283477,10.680621723087583,124.24904645275522,94.09235475491462,138,133,0
2026-02-18 18:29:09.776539,97.0,43.69192100416807,100.73278670088196,652.0,117,103,1
2026-02-18 18:44:09.776539,22.744198779868874,40.094433482979376,131.51170329134823,164.03186147998758,127,263,0
2026-02-18 18:59:09.776539,51.45059932398241,23.867722881465006,187.7276722264319,178.64996824067597,82,163,0
2026-02-18 19:14:09.776539,25.594038225047164,49.43728661960312,67.2097985718114,65.50683522141844,198,247,0
2026-02-18 19:29:09.776539,59.84291379435038,45.721295630741814,176.15865642057096,51.02463882717612,175,158,0
2026-02-18 19:44:09.776539,20.80552052748252,44.268824519796155,181.7767231823222,59.26976785381742,144,104,0
2026-02-18 19:59:09.776539,96.0,32.29424430345873,189.70066140598004,749.0,95,121,1
2026-02-18 20:14:09.776539,87.0,22.579262921768972,176.8661086669315,535.0,122,278,1
2026-02-18 20:29:09.776539,91.0,19.55029803601655,111.39507112457432,625.0,121,122,1
2026-02-18 20:44:09.776539,35.681185026550736,49.45002750849061,89.7441615554574,127.35116685516793,178,138,0
2026-02-18 20:59:09.776539,16.085491562718538,23.854545604292145,122.09321927651652,71.58018954404314,97,150,0
2026-02-18 21:14:09.776539,89.0,23.202248210060667,153.418375488197,632.0,124,101,1
2026-02-18 21:29:09.776539,98.0,24.798543900711334,173.58271188007546,450.0,188,232,1
2026-02-18 21:44:09.776539,88.0,29.864797305060563,129.17052233996833,608.0,102,270,1
2026-02-18 21:59:09.776539,10.40806725331271,6.213487472837639,135.33342991883268,158.36098579683204,120,226,0
2026-02-18 22:14:09.776539,46.917410025925676,27.362922959882358,106.1812298715637,181.04877918903767,197,298,0
2026-02-18 22:29:09.776539,49.697572367253244,45.42310307925731,148.43656649688825,197.71922157750402,153,256,0
2026-02-18 22:44:09.776539,40.52798916560654,21.15891913453998,150.51925845933312,99.29981156758221,125,104,0
2026-02-18 22:59:09.776539,85.0,18.481435319502694,101.79055086711051,553.0,166,122,1
2026-02-18 23:14:09.776539,87.0,32.859830412062834,100.7096209170356,689.0,179,213,1
2026-02-18 23:29:09.776539,42.629505385028565,25.641996758467577,54.02506880029633,63.25405372294436,152,137,0
2026-02-18 23:44:09.776539,17.13622924569128,12.262987000224603,198.3760371165029,172.06733922833013,118,202,0
2026-02-18 23:59:09.776539,31.737817839218476,14.928245207338406,111.61853799262164,86.80489602841443,121,254,0
2026-02-19 00:14:09.776539,28.24484233586,7.475265990585164,95.68800224020336,56.863882921760684,157,200,0
2026-02-19 00:29:09.776539,95.0,38.75246544827082,78.58665385363095,587.0,141,168,1
2026-02-19 00:44:09.776539,11.673561707837706,16.94299571030757,79.65337234168234,167.36718964663044,132,240,0
2026-02-19 00:59:09.776539,35.57504729846012,18.601358046578312,129.11495493190665,86.32248983955651,175,191,0
2026-02-19 01:14:09.776539,32.75664113916332,34.60066024040265,64.92004910309822,137.31512815098256,123,149,0
2026-02-19 01:29:09.776539,21.480047766905404,32.88893864689218,152.30593624670865,116.44275099791912,177,192,0
2026-02-19 01:44:09.776539,59.75933018515937,10.571315033188636,98.89466543103205,134.71582660771787,146,234,0
2026-02-19 01:59:09.776539,12.09994894459049,37.35051613621866,171.38146931733172,79.2289240818875,143,255,0
2026-02-19 02:14:09.776539,93.0,47.32281472895584,78.29407792660666,460.0,148,160,1
2026-02-19 02:29:09.776539,91.0,20.34398983190648,180.64550718015272,424.0,153,298,1
2026-02-19 02:44:09.776539,13.153158440246795,25.300061440137807,142.33824716712513,52.33069585683282,137,268,0
2026-02-19 02:59:09.776539,27.626618648889487,9.821448837304978,198.59649639721812,116.3643403266685,126,298,0
2026-02-19 03:14:09.776539,47.280091547138575,40.56157637198477,152.7421280610834,55.36947649002087,176,141,0
2026-02-19 03:29:09.776539,99.0,38.9611820607294,72.235273721219,723.0,155,232,1
2026-02-19 03:44:09.776539,90.0,26.045478559205893,83.07820612916962,483.0,187,102,1
2026-02-19 03:59:09.776539,42.457757072906624,10.531255561751156,143.09706796383324,166.9517143476608,192,289,0
2026-02-19 04:14:09.776539,42.088593502607395,12.625504750138019,54.95577753581925,154.83073339159438,179,218,0
2026-02-19 04:29:09.776539,48.135529713513705,26.701731274261615,193.51267024456973,95.82055910795489,173,223,0
2026-02-19 04:44:09.776539,53.05221393724683,17.372458007320454,83.0970130244188,122.72630903732667,156,196,0
2026-02-19 04:59:09.776539,95.0,48.838143749525244,192.81616691829487,779.0,136,195,1
2026-02-19 05:14:09.776539,97.0,36.84281882784231,76.36238494488413,719.0,147,296,1
2026-02-19 05:29:09.776539,29.880345550745982,14.277312173083892,79.90704488848648,140.0673695737648,116,174,0
2026-02-19 05:44:09.776539,92.0,23.519267658168438,104.87887392201273,410.0,147,152,1
2026-02-19 05:59:09.776539,34.98973607751695,6.6078833474815575,195.10340917654395,186.4429053498795,173,238,0
2026-02-19 06:14:09.776539,34.145571610881476,32.51550460456216,179.81438976422788,112.7782736315168,125,294,0
2026-02-19 06:29:09.776539,100.0,6.587341549501701,178.73978601963864,616.0,195,235,1
2026-02-19 06:44:09.776539,96.0,27.03152615910629,166.89240403954642,421.0,138,222,1
2026-02-19 06:59:09.776539,56.28352401606353,32.83801986059704,51.612800826911084,193.16608629401958,162,164,0
2026-02-19 07:14:09.776539,25.809219091416345,39.17972711092753,143.5262374742116,132.67007141764773,145,151,0
2026-02-19 07:29:09.776539,52.51564491533693,14.372019885277002,192.65759074912484,146.1557161472631,173,136,0
2026-02-19 07:44:09.776539,22.26219961591648,7.078697969506141,72.49908904356712,177.6910373652113,174,148,0
2026-02-19 07:59:09.776539,11.319915504506536,20.364529885426357,112.8092807330084,60.254161815514884,160,160,0
2026-02-19 08:14:09.776539,87.0,14.690517001884501,85.59463202480677,432.0,181,219,1
2026-02-19 08:29:09.776539,27.99106372568879,31.12241318891403,165.19712978720509,168.9412774300531,84,151,0
2026-02-19 08:44:09.776539,34.702640970886996,40.36795101348951,169.63393633755922,69.05031084275825,114,252,0
2026-02-19 08:59:09.776539,34.885366074827566,43.27818115167169,86.71038819148177,182.00552363745678,102,281,0
2026-02-19 09:14:09.776539,94.0,14.997695132500096,85.69386024765834,465.0,168,157,1
2026-02-19 09:29:09.776539,41.9462498437732,17.6346906201101,145.1099017362437,65.62499633861155,196,253,0
2026-02-19 09:44:09.776539,92.0,8.02754349865833,86.88672547932009,482.0,189,208,1
2026-02-19 09:59:09.776539,34.605486812169545,44.72073670433932,84.54417126719318,99.12397695468732,109,296,0
2026-02-19 10:14:09.776539,53.8357697914128,10.531160897525062,187.8653404116407,164.81151668379204,81,199,0
2026-02-19 10:29:09.776539,38.99551065161582,17.904528476966437,188.2368242679541,56.415442895714875,100,220,0
2026-02-19 10:44:09.776539,24.21451033985889,12.135653925813658,184.84378349863536,186.86119790508192,180,208,0
2026-02-19 10:59:09.776539,93.0,29.58817511009571,136.31371871063257,794.0,171,223,1
2026-02-19 11:14:09.776539,99.0,26.731437744939964,79.02595535038209,682.0,120,131,1
2026-02-19 11:29:09.776539,39.309326600004006,15.840087997800719,88.71441329120533,107.77236962450628,147,266,0
2026-02-19 11:44:09.776539,22.008040425490627,43.48799265982549,146.2331932158836,90.12769308324167,86,273,0
2026-02-19 11:59:09.776539,52.04635039452803,28.663122029494705,174.65946907183002,163.54240423764858,110,117,0
2026-02-19 12:14:09.776539,28.807463720783673,48.191063408971196,166.95029854140125,72.71487230364355,105,192,0
2026-02-19 12:29:09.776539,94.0,27.40797996419572,100.02553762708939,608.0,137,201,1
2026-02-19 12:44:09.776539,55.506845595636705,22.137708649171408,176.6245170556947,159.98692872587327,195,201,0
2026-02-19 12:59:09.776539,30.956097252986293,37.556466758813315,137.88056787125942,115.31203621987736,87,180,0
2026-02-19 13:14:09.776539,100.0,6.217424727593135,140.79377546565718,530.0,143,192,1
2026-02-19 13:29:09.776539,86.0,34.61599837851476,80.92753526658721,501.0,171,162,1
2026-02-19 13:44:09.776539,100.0,36.287489616327065,77.84721631784257,660.0,154,197,1
2026-02-19 13:59:09.776539,54.053242291851674,42.27510837425517,137.4406387574369,140.55836708454123,93,190,0
2026-02-19 14:14:09.776539,51.15585917366215,29.55815130837883,139.63418441031712,135.18674920589444,159,226,0
2026-02-19 14:29:09.776539,14.213178556838503,10.99428821698735,160.88299522092973,63.76684054496356,142,189,0
2026-02-19 14:44:09.776539,43.29414820287243,6.537486429990914,101.68169671217319,109.34823369389771,142,111,0
2026-02-19 14:59:09.776539,41.71694489586275,13.218759351394445,98.55146755054727,186.32291224982964,106,223,0
2026-02-19 15:14:09.776539,56.86962646979308,21.990339563024087,170.42650861637736,135.63247259991698,167,277,0
2026-02-19 15:29:09.776539,85.0,47.108522830376785,107.27839434243857,523.0,112,166,1
2026-02-19 15:44:09.776539,10.240209260160734,18.26512633168162,175.17978651077658,163.69021443144317,105,192,0
2026-02-19 15:59:09.776539,17.977256333419284,42.29506081156889,147.40075996761794,181.1529441232355,198,239,0
2026-02-19 16:14:09.776539,24.032822597741465,13.988629627405423,167.5964686793745,112.27247103358442,142,233,0
2026-02-19 16:29:09.776539,51.983803209193326,49.95678507333785,194.43157095743746,55.68797347650351,106,172,0
2026-02-19 16:44:09.776539,56.94835458545422,14.941723374670666,54.70516578919387,139.4391763361317,187,143,0
2026-02-19 16:59:09.776539,38.797719925184765,44.1072518012011,140.41395967854146,153.54533460957694,107,278,0
2026-02-19 17:14:09.776539,21.269148417118068,43.77840768005219,138.381703039687,127.97761712161618,147,119,0
2026-02-19 17:29:09.776539,51.249542755947466,29.788353536867962,128.90059096169543,197.44902931216004,162,255,0
2026-02-19 17:44:09.776539,19.430967971223975,22.477443788106182,132.31224350427212,93.29369408807091,101,199,0
2026-02-19 17:59:09.776539,10.0042337257192,7.4688430436353475,72.19711905238039,54.55026919109228,194,225,0
2026-02-19 18:14:09.776539,99.0,34.67750127649481,136.0002488878111,613.0,107,120,1
2026-02-19 18:29:09.776539,98.0,35.73935080049267,190.08759273265997,576.0,175,231,1
2026-02-19 18:44:09.776539,86.0,35.07231406093188,68.43490553902298,567.0,151,227,1
2026-02-19 18:59:09.776539,43.057212593692846,11.54486243503858,128.2233347119039,108.03625298857486,130,276,0
2026-02-19 19:14:09.776539,26.745746307831727,23.088722556257768,198.58635670410138,63.83868475988088,168,240,0
2026-02-19 19:29:09.776539,29.829010052924467,5.724150906706927,60.04584640269194,97.97504621595573,194,142,0
2026-02-19 19:44:09.776539,91.0,9.031799882956614,92.68442490199571,500.0,199,287,1
2026-02-19 19:59:09.776539,87.0,10.656292772479768,90.30008284987085,567.0,142,103,1
2026-02-19 20:14:09.776539,15.73612109453005,15.717979658258246,116.81475131995556,196.9285413731718,100,117,0
2026-02-19 20:29:09.776539,40.90285478128486,25.951168531370467,51.02544546788666,183.63738666917445,127,180,0
2026-02-19 20:44:09.776539,88.0,20.14672636148137,136.1760375672369,583.0,140,132,1
2026-02-19 20:59:09.776539,89.0,38.19693848485155,190.10031689069075,539.0,118,169,1
2026-02-19 21:14:09.776539,33.00541898297582,19.19095952842776,175.30217910608815,123.01315791810258,143,224,0
2026-02-19 21:29:09.776539,31.744969004391766,35.15220789520533,111.81542720959874,191.52851589739225,136,233,0
2026-02-19 21:44:09.776539,85.0,17.156293186509018,97.23053894491726,604.0,97,297,1
2026-02-19 21:59:09.776539,15.416858722217782,5.998907094491998,127.89111868089728,191.46403660530171,104,119,0
2026-02-19 22:14:09.776539,33.56843258957997,8.786614034199344,171.26134392808342,175.82052262341372,188,275,0
2026-02-19 22:29:09.776539,96.0,28.5865863725418,80.52997326041783,436.0,170,281,1
2026-02-19 22:44:09.776539,27.01700582693747,20.620565377689587,180.57089007153263,71.24934736769781,148,165,0
2026-02-19 22:59:09.776539,99.0,36.52725574385224,145.40223940102652,733.0,102,126,1
2026-02-19 23:14:09.776539,25.996470328266266,43.60910090508598,119.7508122118165,134.79924797799126,135,274,0
2026-02-19 23:29:09.776539,89.0,32.1024674682959,103.97332096832949,492.0,196,130,1
2026-02-19 23:44:09.776539,46.753417957003734,33.2771075243973,124.11245219661454,113.58050572825101,133,205,0
2026-02-19 23:59:09.776539,47.25578519978329,42.172515131242854,141.13413026729407,118.50271863527882,200,173,0
2026-02-20 00:14:09.776539,44.37608001490576,29.58737566232636,125.57163333985706,57.26122293872079,105,298,0
2026-02-20 00:29:09.776539,33.56904977242796,18.154326847843286,75.17450808986223,142.5421271191129,104,205,0
2026-02-20 00:44:09.776539,94.0,27.31465623497404,60.31026393714018,719.0,121,251,1
2026-02-20 00:59:09.776539,42.057884810678175,42.97107826387873,64.99389564657473,153.75994439733984,193,100,0
2026-02-20 01:14:09.776539,53.3792889165258,31.089732953777556,188.56709522567573,140.26006063908883,174,223,0
2026-02-20 01:29:09.776539,55.40151858425515,32.53947279841563,99.30873062339518,182.18193981674835,115,242,0
2026-02-20 01:44:09.776539,99.0,5.4991005291737025,70.24523898419673,533.0,104,158,1
2026-02-20 01:59:09.776539,50.050068996901594,11.454163482546756,104.36020049613957,134.264913700754,82,142,0
2026-02-20 02:14:09.776539,34.59059911753873,11.307687027903949,128.18886119021047,118.9748502046011,146,200,0
2026-02-20 02:29:09.776539,35.66992810915323,20.987901371457287,177.86367282181766,157.49152903515818,135,168,0
2026-02-20 02:44:09.776539,47.64278993699136,26.47502528805561,154.5081010700583,192.46154457727434,84,215,0
2026-02-20 02:59:09.776539,86.0,23.861059719591683,181.7839024089474,643.0,110,101,1
2026-02-20 03:14:09.776539,24.08409464612942,17.485720595592618,142.21763472127418,105.59179005057703,97,266,0
2026-02-20 03:29:09.776539,31.80934109798506,31.173462915222498,61.805203024677,139.88761224679754,156,125,0
2026-02-20 03:44:09.776539,40.4315443177683,45.85196010089786,133.16487528957606,106.35555671008751,146,134,0
2026-02-20 03:59:09.776539,89.0,25.521048902590532,51.36883395592527,435.0,115,260,1
2026-02-20 04:14:09.776539,95.0,14.406737305835076,50.66453003133719,489.0,146,203,1
2026-02-20 04:29:09.776539,92.0,41.79840969884553,136.8859421450688,613.0,163,278,1
2026-02-20 04:44:09.776539,55.487329943426516,19.558632810706914,118.71276095716878,126.82244696022792,177,297,0
2026-02-20 04:59:09.776539,54.75204647540037,32.030147471902005,51.626709226562454,174.74878385090926,178,186,0
2026-02-20 05:14:09.776539,34.60184117168649,28.95620438925742,140.09276439218144,171.42099283883118,126,137,0
2026-02-20 05:29:09.776539,89.0,23.76681785715562,173.56416591226304,437.0,184,228,1
2026-02-20 05:44:09.776539,59.911848408524335,11.54255814718013,101.16540071839113,90.79420147412831,145,214,0
2026-02-20 05:59:09.776539,56.403466698183315,49.0280394345888,129.053893964733,69.63936253340356,115,118,0
2026-02-20 06:14:09.776539,12.05291278640522,21.792662124810875,157.8682402733873,99.02288214692669,141,226,0
2026-02-20 06:29:09.776539,100.0,23.14236282543376,60.673833614031594,511.0,111,128,1
2026-02-20 06:44:09.776539,37.60651813433945,46.1394176728008,93.6070545963686,160.18387325465756,197,148,0
2026-02-20 06:59:09.776539,38.56546289384718,45.43506526306934,154.80072386124888,188.04872300785163,138,262,0
2026-02-20 07:14:09.776539,26.422526196234426,16.048479516289092,130.2567665728575,56.46803954157775,165,113,0
2026-02-20 07:29:09.776539,44.06681863179674,11.939736811090441,193.30008501382497,57.011222312823946,163,101,0
2026-02-20 07:44:09.776539,57.519201018670174,47.0345801770271,152.38970497688825,158.5068074621188,169,181,0
2026-02-20 07:59:09.776539,18.617596769988758,6.238318265835119,141.76233934212408,135.43657710186335,160,247,0
2026-02-20 08:14:09.776539,30.11199237134511,18.266096264272097,118.61982658826693,177.66878618558115,186,228,0
2026-02-20 08:29:09.776539,48.53875607448402,10.001129780360696,62.40665531000275,196.73140297781916,133,157,0
2026-02-20 08:44:09.776539,50.84037680876519,49.58258378791751,197.6943314222733,144.89102710043403,112,150,0
2026-02-20 08:59:09.776539,16.583643737221806,42.884673650882114,92.01994184494174,161.63570509013954,197,113,0
2026-02-20 09:14:09.776539,53.12165719284408,43.25444632912265,91.71390839877805,159.5938547072244,98,290,0
2026-02-20 09:29:09.776539,23.776266282043267,6.628084253505001,113.9142723132835,199.1232958994658,114,123,0
2026-02-20 09:44:09.776539,97.0,49.623721082975884,114.52367420148846,456.0,112,123,1
2026-02-20 09:59:09.776539,50.96005164512596,6.723615759076824,85.61933711206146,120.4626979593787,145,198,0
2026-02-20 10:14:09.776539,100.0,28.40461277018575,151.99763176098355,622.0,95,287,1
2026-02-20 10:29:09.776539,20.913454096057656,49.85257782431192,70.53704165367925,86.81764519480876,152,269,0
2026-02-20 10:44:09.776539,33.19342042027105,11.181777245993512,170.79503806745393,93.66785610353352,192,122,0
2026-02-20 10:59:09.776539,13.81399321773257,42.756751735033745,86.31451501314666,155.41275964629665,100,263,0
2026-02-20 11:14:09.776539,89.0,42.74817108502765,192.15394743220853,523.0,96,292,1
2026-02-20 11:29:09.776539,26.695269408878776,6.608374937688559,78.48852887525814,163.7510191421989,150,165,0
2026-02-20 11:44:09.776539,38.85799901680167,32.134940452307056,130.31505263628654,97.67238627655648,119,207,0
2026-02-20 11:59:09.776539,22.687605256497186,46.78858915896628,140.2201868603671,175.42932107767047,181,199,0
2026-02-20 12:14:09.776539,25.06806019739338,41.67653547010717,154.23226758135888,131.98027898739258,182,258,0
2026-02-20 12:29:09.776539,96.0,24.132384558185382,157.45573502904938,719.0,176,188,1
2026-02-20 12:44:09.776539,85.0,14.992539375533848,78.88579380597342,607.0,97,122,1
2026-02-20 12:59:09.776539,86.0,16.746056547936448,102.97842062545652,438.0,114,186,1
2026-02-20 13:14:09.776539,29.779457983065157,24.396136644398254,141.36544468514404,91.91888559032101,186,283,0
2026-02-20 13:29:09.776539,15.271124970351675,41.828723910935715,89.44908286480964,81.29815932236754,167,265,0
2026-02-20 13:44:09.776539,19.734512817701436,38.79386873040504,61.09124789454849,69.40218988504384,116,186,0
2026-02-20 13:59:09.776539,58.44104669169988,49.16659732139779,161.30540983580212,72.6604037301448,135,217,0
2026-02-20 14:14:09.776539,59.00261002828077,30.711260673556612,149.87965635731584,62.91171484587316,184,292,0
2026-02-20 14:29:09.776539,42.19326223866425,26.043012716786357,104.93319773531982,126.3524947059602,186,236,0
2026-02-20 14:44:09.776539,59.820075714421115,14.327836261173616,126.7699520217789,145.23056116153862,113,248,0
2026-02-20 14:59:09.776539,38.20432624678129,10.222578870659156,170.6811996476117,162.92626085590325,197,184,0
2026-02-20 15:14:09.776539,21.600855051920522,7.441737725470121,54.18682007072932,57.92957962699968,154,299,0
2026-02-20 15:29:09.776539,17.65636565702615,24.828229222140255,108.29042565930841,175.41758935814116,95,224,0
2026-02-20 15:44:09.776539,45.94272829520961,46.480019713002484,103.63942431946427,55.555155253189724,88,289,0
2026-02-20 15:59:09.776539,29.180430374147768,38.70556508265359,143.39062498193312,62.12045559280763,192,295,0
2026-02-20 16:14:09.776539,93.0,35.712154638433475,121.16431257957686,625.0,91,209,1
2026-02-20 16:29:09.776539,85.0,38.24567469079831,164.37715825323818,631.0,172,222,1
2026-02-20 16:44:09.776539,59.30918098437124,27.340374545324046,111.4706401651381,198.80588107605928,113,295,0
2026-02-20 16:59:09.776539,31.823168479102765,21.943641342470507,183.81446466125715,63.728560359657095,145,241,0
2026-02-20 17:14:09.776539,17.159219791318016,17.541157208497655,138.27974498205583,163.56333611788506,111,234,0
2026-02-20 17:29:09.776539,14.553410693833692,7.358808805120333,156.8193348534997,92.96928509820573,104,200,0
2026-02-20 17:44:09.776539,26.846995374553387,48.5852926407333,195.75074477809787,175.49323789098946,132,160,0
2026-02-20 17:59:09.776539,99.0,23.539914121595555,76.1743433331842,766.0,96,194,1
2026-02-20 18:14:09.776539,92.0,14.539643252702716,52.36623027084937,600.0,114,286,1
2026-02-20 18:29:09.776539,35.19757440567399,6.292224281416265,59.366161546809586,132.483779543705,166,165,0
2026-02-20 18:44:09.776539,94.0,43.430931574514005,150.973105982101,448.0,192,241,1
2026-02-20 18:59:09.776539,39.24042274230454,40.50524425996878,167.09257999772922,77.23471353091637,110,181,0
2026-02-20 19:14:09.776539,52.89982477103137,32.10808096693839,56.37021675401559,199.1182389272998,189,115,0
2026-02-20 19:29:09.776539,18.347992679738276,33.34689891567043,119.88506703766204,50.84194422600169,199,245,0
2026-02-20 19:44:09.776539,100.0,22.662418334499243,174.99382642248236,402.0,159,116,1
2026-02-20 19:59:09.776539,23.788432715672897,37.85017508973425,181.20671889951126,128.27948452250672,175,221,0
2026-02-20 20:14:09.776539,47.98204532664995,21.033195472990943,111.32223905604843,157.10802054033925,172,170,0
2026-02-20 20:29:09.776539,38.27762647622974,13.640387767443208,83.97833112086616,102.6655815215363,131,218,0
2026-02-20 20:44:09.776539,57.86791912528371,49.49624431320109,84.21205188127877,140.65281329961655,195,202,0
2026-02-20 20:59:09.776539,43.67645550249186,5.964165356481987,125.42340034074624,197.58024948576173,97,121,0
2026-02-20 21:14:09.776539,94.0,49.09865078586151,188.25996869914508,799.0,164,134,1
2026-02-20 21:29:09.776539,45.14223412534291,8.072219139842154,50.44153507922542,166.90880901806463,147,202,0
2026-02-20 21:44:09.776539,89.0,44.96374308041073,181.2616878050615,570.0,81,151,1
2026-02-20 21:59:09.776539,15.265332947623929,29.065735101105453,160.5824175747806,157.39637539736546,183,168,0
2026-02-20 22:14:09.776539,36.59613663114517,35.41433922623299,80.25928844608836,93.37513882087777,182,120,0
2026-02-20 22:29:09.776539,57.42705052521025,49.20848542651935,132.58106136206732,132.49166282313212,180,290,0
2026-02-20 22:44:09.776539,90.0,13.536945684997612,187.09131705277952,632.0,103,174,1
2026-02-20 22:59:09.776539,95.0,41.92297934830752,59.934622531583884,541.0,149,246,1
2026-02-20 23:14:09.776539,86.0,25.739458044897017,196.4337489445396,725.0,166,167,1
2026-02-20 23:29:09.776539,39.46966588731349,46.6541221889894,127.4866773871549,79.54536462817296,112,142,0
2026-02-20 23:44:09.776539,26.33066003310242,24.625348009632837,81.62702051641912,51.905620809468324,95,106,0
2026-02-20 23:59:09.776539,36.97825515128426,48.00276584514296,180.9143998963829,168.86382529885913,178,212,0
2026-02-21 00:14:09.776539,19.99702118730164,26.68916747533771,73.44311977595754,96.94982857444833,157,128,0
2026-02-21 00:29:09.776539,24.962438631067954,11.88051763719644,99.14553413024323,169.2298550344451,195,145,0
2026-02-21 00:44:09.776539,90.0,39.50030940889933,99.13944040789771,582.0,115,295,1
2026-02-21 00:59:09.776539,36.683579573627895,22.18795724810721,167.0155611374668,82.42141968221651,150,190,0
2026-02-21 01:14:09.776539,90.0,19.32750393491049,172.61942069549482,607.0,112,114,1
2026-02-21 01:29:09.776539,92.0,20.260474784690416,93.65604608459353,422.0,120,286,1
2026-02-21 01:44:09.776539,94.0,25.108354472390957,177.5037363843681,493.0,105,132,1
2026-02-21 01:59:09.776539,56.85553016278605,49.44921371983863,55.92539346401753,57.4481670387721,195,160,0
2026-02-21 02:14:09.776539,14.75843929529659,20.860073307366804,96.36689161443329,196.10193011492464,177,229,0
2026-02-21 02:29:09.776539,58.091512285493025,37.699914956044246,147.5981674976424,154.44851301471473,161,203,0
2026-02-21 02:44:09.776539,96.0,5.3800736736317365,138.89645101400174,741.0,169,117,1
2026-02-21 02:59:09.776539,91.0,21.924211463395,152.75884650766216,776.0,120,125,1
2026-02-21 03:14:09.776539,92.0,36.38096097420194,99.61474760850416,452.0,185,246,1
2026-02-21 03:29:09.776539,85.0,14.506041559563537,76.98516302862173,753.0,85,297,1
2026-02-21 03:44:09.776539,53.12479258416787,46.636107929164396,98.21999695644394,71.33397414843891,164,154,0
2026-02-21 03:59:09.776539,59.2779935652641,37.049314178953985,106.91025744784206,103.63543765107764,173,160,0
2026-02-21 04:14:09.776539,51.50224517891434,34.360893183259385,73.33794964707359,193.53795519903167,103,114,0
2026-02-21 04:29:09.776539,22.76212045174791,6.406493124741933,110.08286919299174,162.84260020956816,138,204,0
2026-02-21 04:44:09.776539,20.00018936390925,47.26901637146344,149.8484333600171,92.45847345269047,179,144,0
2026-02-21 04:59:09.776539,96.0,32.903284046995054,167.74428551749872,698.0,158,230,1
2026-02-21 05:14:09.776539,27.917667968389416,6.60154491783755,131.03676997640548,154.59790769233473,138,189,0
2026-02-21 05:29:09.776539,87.0,49.6911900868092,93.89759714779035,739.0,104,282,1
2026-02-21 05:44:09.776539,39.32012951706553,17.449215642464573,101.38042276353518,191.38220592454425,97,124,0
2026-02-21 05:59:09.776539,48.153429804107446,37.65976747012409,119.20099699563569,152.52365809010666,128,280,0
2026-02-21 06:14:09.776539,29.987313014375772,18.10531115837126,100.60907927598308,143.22140654893263,104,115,0
2026-02-21 06:29:09.776539,89.0,5.127489406162503,59.69032343314503,715.0,180,126,1
2026-02-21 06:44:09.776539,95.0,25.983999677805627,199.4407336627931,405.0,136,142,1
2026-02-21 06:59:09.776539,11.89415187013598,7.654270564309458,125.53271930552981,138.73446404201098,193,209,0
2026-02-21 07:14:09.776539,52.69681224316745,26.303563507621384,108.88922726021333,128.3381477470587,169,157,0
2026-02-21 07:29:09.776539,91.0,26.360390417957852,157.5149197012476,792.0,179,137,1
2026-02-21 07:44:09.776539,56.8552051426242,40.62596896714609,107.07034750560359,115.10590443036402,165,261,0
2026-02-21 07:59:09.776539,91.0,8.184785179406633,54.765502559726826,580.0,197,165,1
2026-02-21 08:14:09.776539,43.14423939404739,11.748227401407792,182.07521810360709,139.37837611908319,173,266,0
2026-02-21 08:29:09.776539,40.55929512269775,35.490471163881125,193.31073219532345,110.07357652005037,123,154,0
2026-02-21 08:44:09.776539,18.46229290291298,18.20786968694154,112.42169792845658,195.6789842015734,148,254,0
2026-02-21 08:59:09.776539,90.0,20.492159373706436,104.79823859100802,418.0,102,256,1
2026-02-21 09:14:09.776539,53.16971687022441,41.34218272706131,93.51947781796207,104.49367975495758,183,293,0
2026-02-21 09:29:09.776539,36.21326414848075,25.70306126695401,187.2871736896664,154.78213662939234,130,118,0
2026-02-21 09:44:09.776539,93.0,26.961419256583483,151.7853952258688,560.0,101,108,1
2026-02-21 09:59:09.776539,95.0,5.166176367495726,125.35860297881192,716.0,146,290,1
2026-02-21 10:14:09.776539,96.0,10.203004777664663,166.20139983819365,544.0,151,152,1
2026-02-21 10:29:09.776539,39.235424467697726,32.11379024303652,170.49598191018825,80.48067322298026,160,276,0
2026-02-21 10:44:09.776539,41.81569831038435,20.287420955207935,112.2147710564805,176.95961076964582,95,297,0
2026-02-21 10:59:09.776539,58.913281891078114,33.61781392058475,131.54500071563996,81.67663629164835,158,109,0
2026-02-21 11:14:09.776539,91.0,38.1198244069573,64.8398171328089,706.0,111,232,1
2026-02-21 11:29:09.776539,15.827330167837829,36.96784100304704,199.09701576039788,147.2991108511273,132,112,0
2026-02-21 11:44:09.776539,49.69375567742962,34.56727413738969,196.7959109043895,134.61124153465806,184,166,0
2026-02-21 11:59:09.776539,55.772918834456874,18.586201758544792,83.56423044332632,105.15127047641721,174,178,0
2026-02-21 12:14:09.776539,86.0,8.661613629073956,106.36045310997852,474.0,173,243,1
2026-02-21 12:29:09.776539,12.543660544156644,42.779486419455885,117.91154467979477,176.2734716823089,130,217,0
2026-02-21 12:44:09.776539,91.0,8.724482358546181,199.05577300028236,464.0,111,160,1
2026-02-21 12:59:09.776539,88.0,28.568107013155693,86.5333258173035,725.0,158,233,1
2026-02-21 13:14:09.776539,43.243018276415995,20.934023726353512,146.43334370723383,166.0128973421111,128,240,0
2026-02-21 13:29:09.776539,20.258735178191195,43.596700668061146,87.15661808646243,107.6046499848964,135,257,0
2026-02-21 13:44:09.776539,56.22975113014166,18.771683911874103,184.9967268480667,164.31250928962248,99,164,0
2026-02-21 13:59:09.776539,51.94896802368401,17.04297065178165,180.95122348147385,86.83596050310084,121,117,0
2026-02-21 14:14:09.776539,31.405467501078878,11.418723417567005,114.5024998685414,123.14976118963189,102,200,0
2026-02-21 14:29:09.776539,26.760584216134284,24.448978074814093,162.2951006114693,140.9099426928688,84,287,0
2026-02-21 14:44:09.776539,49.65580425525294,39.66240156785354,87.55260842512706,99.38840700719527,103,218,0
2026-02-21 14:59:09.776539,94.0,46.01286782879742,65.04101333286769,576.0,104,238,1
2026-02-21 15:14:09.776539,54.65229228292773,22.24732022417663,110.75558561104629,166.30907465671362,151,257,0
2026-02-21 15:29:09.776539,14.918518151010126,12.166770854088504,103.93966581718536,173.4512704851388,125,176,0
2026-02-21 15:44:09.776539,36.27223034536185,21.931310613226316,176.97182046694348,122.97134599015575,168,108,0
2026-02-21 15:59:09.776539,32.741742612131766,34.438628614350606,78.17031701809192,174.22889364088275,193,217,0
2026-02-21 16:14:09.776539,44.75913601179714,31.045385941861248,189.91835114081553,100.91489460387086,117,183,0
2026-02-21 16:29:09.776539,97.0,5.475126217703148,90.07282272491852,788.0,167,297,1
2026-02-21 16:44:09.776539,99.0,6.483443620102336,183.19577810751431,798.0,111,186,1
2026-02-21 16:59:09.776539,14.468603478068822,21.008003019219114,190.28086167666441,172.08508617677617,149,158,0
2026-02-21 17:14:09.776539,12.76948699567977,11.787993330550144,150.1797986884335,177.85471915015393,177,300,0
2026-02-21 17:29:09.776539,20.660037231551318,21.440327057397738,166.7194157311776,108.77838989992848,81,216,0
2026-02-21 17:44:09.776539,52.79521162126606,8.504051889893692,100.25705811173356,114.45258745037398,162,107,0
2026-02-21 17:59:09.776539,94.0,29.858897193403255,54.363981419215634,776.0,115,188,1
2026-02-21 18:14:09.776539,90.0,27.728505821248827,55.488453699151734,476.0,120,128,1
2026-02-21 18:29:09.776539,19.328390723668186,12.595689862452874,140.0348042355022,98.57584628651236,116,225,0
2026-02-21 18:44:09.776539,50.408232338368606,31.63984305765713,153.2326838459507,89.798807582743,86,119,0
2026-02-21 18:59:09.776539,52.49674143011782,38.19311396814284,56.38197459058282,152.65496296675548,117,128,0
2026-02-21 19:14:09.776539,28.869761026529087,25.606691630503356,185.03746115002346,191.29621492381486,161,200,0
2026-02-21 19:29:09.776539,43.10310168948245,13.475385918434469,119.02582468736189,171.77294388524467,136,135,0
2026-02-21 19:44:09.776539,16.992390532042652,48.26346887467974,128.51515830084978,99.28358449713258,141,265,0
2026-02-21 19:59:09.776539,86.0,16.517053494436375,158.89424436298742,725.0,174,225,1
2026-02-21 20:14:09.776539,18.635431221395095,45.84126695150364,139.15382086920533,172.90987518483905,111,269,0
2026-02-21 20:29:09.776539,29.2939879127274,44.81985158254823,50.32606840519093,161.1163787101371,121,275,0
2026-02-21 20:44:09.776539,28.024922286198674,46.96342312941422,120.51957768970698,172.69679089603028,107,213,0
2026-02-21 20:59:09.776539,86.0,46.31346583160909,76.23112980535714,598.0,160,280,1
2026-02-21 21:14:09.776539,26.84449798754853,26.18310958765597,167.4790924945715,117.59913417246011,122,180,0
2026-02-21 21:29:09.776539,47.02660629706811,49.78197860242635,192.25006814253376,88.946846404043,173,194,0
2026-02-21 21:44:09.776539,45.23030218852246,44.37285383569096,143.93097714405457,169.99415199509696,143,150,0
2026-02-21 21:59:09.776539,48.22026818890927,43.362913694914276,194.69752813247518,137.19342828136888,107,173,0
2026-02-21 22:14:09.776539,36.11428472953561,34.81263685151513,120.6739056889702,113.22315078611238,137,270,0
2026-02-21 22:29:09.776539,41.75804411280982,43.860783352057894,133.34526285056947,51.584614838879176,103,143,0
2026-02-21 22:44:09.776539,100.0,18.429067485901292,185.35583050989302,607.0,179,127,1
2026-02-21 22:59:09.776539,41.80964141818419,18.286039467028687,78.18332026712942,71.0884767520521,185,172,0
2026-02-21 23:14:09.776539,51.55208464714507,39.836319279338916,53.772750166022945,180.22775235704336,141,248,0
2026-02-21 23:29:09.776539,45.57776335754661,5.742251573276955,138.12181761051062,154.36633603828548,127,103,0
2026-02-21 23:44:09.776539,36.696063020357855,10.419103093305058,154.6400140213392,171.11259272217313,158,200,0
2026-02-21 23:59:09.776539,25.336558441508952,32.88236264817948,60.335099110223105,131.6605219780514,117,230,0
2026-02-22 00:14:09.776539,24.239871012559234,37.73924709454929,90.97417053506769,169.64796464780906,174,102,0
2026-02-22 00:29:09.776539,49.032687077677956,33.815753883145035,83.82860947070262,73.14735736825418,115,183,0
2026-02-22 00:44:09.776539,28.095439442055465,13.35468396816342,199.4778609878282,162.42688586750322,147,300,0
2026-02-22 00:59:09.776539,44.34452416716143,19.393252882039185,197.83912277858585,125.33273036190411,84,253,0
2026-02-22 01:14:09.776539,59.39729143926486,47.32455342813476,87.63648154176977,127.58633070929373,172,259,0
2026-02-22 01:29:09.776539,99.0,41.75728316496662,63.032594509110304,456.0,113,226,1
2026-02-22 01:44:09.776539,15.288134727114901,35.83131526087848,167.61121638343948,180.69951869750605,189,130,0
2026-02-22 01:59:09.776539,93.0,45.29316984860977,78.49693131940532,752.0,108,224,1
2026-02-22 02:14:09.776539,20.428683546174568,10.203579432363998,125.773828461736,56.151699692699495,161,199,0
2026-02-22 02:29:09.776539,13.536145374554911,5.392751562234617,95.96280967994534,136.78001195584307,159,129,0
2026-02-22 02:44:09.776539,54.72947679400683,14.580163507151914,182.65316695771895,56.991895525729426,120,196,0
2026-02-22 02:59:09.776539,48.02022561005539,45.60412945968655,61.045046722942914,177.94802163467392,197,275,0
2026-02-22 03:14:09.776539,89.0,32.6121657315431,156.09235335159428,757.0,98,116,1
2026-02-22 03:29:09.776539,19.63539850341159,48.15775156023138,179.87118249138817,185.0095657548933,180,270,0
2026-02-22 03:44:09.776539,16.917043711518627,8.5404444467107,119.2648931033014,91.95101793917044,136,180,0
2026-02-22 03:59:09.776539,24.819181051614592,46.37695741628,64.11497469901549,165.60894965779528,156,126,0
2026-02-22 04:14:09.776539,23.642193426780473,19.11029742063127,155.78498196236688,166.57539290774145,178,101,0
2026-02-22 04:29:09.776539,23.859108062358153,10.666378718543225,187.50277752295355,125.58330542263624,126,134,0
2026-02-22 04:44:09.776539,41.65225821081924,31.040258862159014,130.03443954891895,65.08878881289006,170,224,0
2026-02-22 04:59:09.776539,89.0,49.71764820243113,101.72750750887857,800.0,97,104,1
2026-02-22 05:14:09.776539,100.0,14.748724517979868,60.13920315708582,625.0,183,220,1
2026-02-22 05:29:09.776539,12.267279908380171,28.860401308978286,118.38272389285261,163.32529164749363,182,127,0
2026-02-22 05:44:09.776539,10.363924882926403,17.257743632645415,148.06213540010958,128.43806632899907,133,136,0
2026-02-22 05:59:09.776539,89.0,31.245389032347706,62.65518992221939,454.0,87,298,1
2026-02-22 06:14:09.776539,24.0957588214752,15.137972693362023,169.11412647023272,95.2863368919333,95,104,0
2026-02-22 06:29:09.776539,24.636297630299023,38.0061590859998,124.9497519595805,174.2625233898827,188,224,0
2026-02-22 06:44:09.776539,98.0,20.067843072063738,110.2138463697649,742.0,146,147,1
2026-02-22 06:59:09.776539,27.329050350675207,14.818502471445003,99.21880003882879,178.31844601924467,102,103,0
2026-02-22 07:14:09.776539,42.567765510624746,33.63952290022482,157.15498300327192,167.296971554452,83,122,0
2026-02-22 07:29:09.776539,91.0,8.74468072644494,131.89865513298986,576.0,180,213,1
2026-02-22 07:44:09.776539,35.417999889503264,44.28571086849015,137.8493102532109,116.69487778013972,192,254,0
2026-02-22 07:59:09.776539,22.59216189018271,20.233627527777962,79.17093913031724,121.89408117145781,152,261,0
2026-02-22 08:14:09.776539,100.0,47.11889961254373,149.63517015527887,408.0,84,200,1
2026-02-22 08:29:09.776539,27.32667349576068,15.954292311519119,133.4091019945926,146.5554663737538,132,225,0
2026-02-22 08:44:09.776539,13.063634835982281,22.132518503764928,148.6707535451738,191.1309784098059,136,214,0
2026-02-22 08:59:09.776539,16.725943212859242,26.2262432256696,187.2358636825636,104.58519559476358,140,182,0
2026-02-22 09:14:09.776539,38.10020986040608,42.58739101698912,167.40795689133128,87.23247465374976,173,216,0
2026-02-22 09:29:09.776539,97.0,18.441264402068413,101.39482214591716,563.0,94,219,1
2026-02-22 09:44:09.776539,31.210610337490383,45.430180626853314,69.6570499135278,102.94455448709176,138,240,0
2026-02-22 09:59:09.776539,96.0,28.521245097634353,109.09210947619032,427.0,153,237,1
2026-02-22 10:14:09.776539,29.14899159479093,29.989324284054973,155.30986249742963,94.0578982161006,92,124,0
2026-02-22 10:29:09.776539,43.83721738013377,40.73928402086781,119.51381037188031,81.02664338075206,107,264,0
2026-02-22 10:44:09.776539,48.73318845126304,12.213709520793763,118.97747837380052,176.06859342999581,141,199,0
2026-02-22 10:59:09.776539,85.0,43.71231054910896,171.69342100274676,773.0,169,212,1
2026-02-22 11:14:09.776539,51.627520066698864,30.01183415688926,172.39161844618855,178.5755603168139,145,200,0
2026-02-22 11:29:09.776539,26.980455656640732,47.62641368190233,149.9432297119489,188.18869335981512,81,120,0
2026-02-22 11:44:09.776539,93.0,43.388664855672445,151.52828227055528,740.0,101,195,1
2026-02-22 11:59:09.776539,29.49624950040719,23.55280747271787,89.0975465342031,177.924026166852,143,138,0
2026-02-22 12:14:09.776539,90.0,36.37792831469568,173.29013999205242,647.0,138,262,1
2026-02-22 12:29:09.776539,26.864051407301794,25.48135864189089,150.368942363165,195.71379926179165,177,227,0
2026-02-22 12:44:09.776539,18.938537786044925,17.39344281953415,91.13841078567606,62.832334544290305,148,163,0
2026-02-22 12:59:09.776539,16.976091769536534,26.9070287054806,117.78197675260355,123.76914076773535,95,250,0
2026-02-22 13:14:09.776539,35.504097542667324,45.819537208774854,67.80352524417636,116.94772057617128,163,262,0
2026-02-22 13:29:09.776539,97.0,33.63432001584812,198.51250179431304,624.0,87,253,1
2026-02-22 13:44:09.776539,90.0,5.153939282246579,123.78698543183805,446.0,157,212,1
2026-02-22 13:59:09.776539,29.04526703473694,40.62723199397958,168.61591715825475,153.56780640359034,124,224,0
2026-02-22 14:14:09.776539,56.002604471839,44.72023221077013,152.96656393716265,63.509680801234396,100,174,0
2026-02-22 14:29:09.776539,53.20095456244278,21.908573162512752,184.19245893871715,101.46330155276115,98,145,0
2026-02-22 14:44:09.776539,93.0,36.05468858427129,123.41816268235272,701.0,175,235,1
2026-02-22 14:59:09.776539,33.031352658585035,17.848857660099306,69.64973861240321,95.18873162445402,123,171,0
2026-02-22 15:14:09.776539,51.48086033453759,21.08168326762315,177.64578232833924,191.23581832006627,90,213,0
2026-02-22 15:29:09.776539,50.468503599776874,31.504248766740183,61.96057413555177,103.7957112081931,174,197,0
2026-02-22 15:44:09.776539,85.0,14.278725666884663,96.78707932406448,634.0,198,140,1
2026-02-22 15:59:09.776539,96.0,49.55052658875009,111.77644577118907,513.0,118,157,1
2026-02-22 16:14:09.776539,92.0,13.397322283348558,54.98020836467676,461.0,169,200,1
2026-02-22 16:29:09.776539,44.03985042964114,15.322689948311053,92.10174137242392,134.30939195869027,84,273,0
2026-02-22 16:44:09.776539,88.0,28.061325092944198,105.91015153031788,587.0,124,139,1
2026-02-22 16:59:09.776539,38.057306037776954,20.363972077001876,148.37032192807942,133.0590091571383,181,159,0
2026-02-22 17:14:09.776539,30.785759966116483,19.326435244238382,172.83365958492678,90.95396536756257,99,110,0
2026-02-22 17:29:09.776539,27.91943684632291,5.255186254746842,161.48959119579877,84.01448064791299,131,104,0
2026-02-22 17:44:09.776539,57.370179631935,36.411685440339106,199.60019838402377,50.870475713786604,83,205,0
2026-02-22 17:59:09.776539,54.07716539405085,49.0941652049287,165.99095162870367,83.92463883152612,89,110,0
2026-02-22 18:14:09.776539,88.0,13.823583949113102,115.96549481046515,438.0,197,193,1
2026-02-22 18:29:09.776539,54.52382707878516,31.657424579638903,136.6539798351094,90.67567357769587,103,173,0
2026-02-22 18:44:09.776539,15.213640292927174,17.350716507971683,190.4233831404218,196.82969755692216,146,246,0
2026-02-22 18:59:09.776539,11.333071530577717,18.783376137921806,56.70275991934764,176.62591982296186,194,162,0
2026-02-22 19:14:09.776539,32.65809360968242,15.207538687768219,172.00243826828506,52.880868508062484,160,187,0
2026-02-22 19:29:09.776539,40.04553109354978,36.22771687706479,71.9874203069902,168.9606954639396,195,208,0
2026-02-22 19:44:09.776539,58.71462307065833,24.03453079421319,103.2597022051873,67.39490083394114,155,173,0
2026-02-22 19:59:09.776539,45.078198936216516,48.61926762736102,121.42854637105586,182.71883481451817,129,121,0
2026-02-22 20:14:09.776539,33.683863105001855,37.12221145170025,71.59754378668472,146.55463993351148,123,165,0
2026-02-22 20:29:09.776539,98.0,20.166925068338962,82.50287103133621,713.0,124,165,1
2026-02-22 20:44:09.776539,56.915249295603,7.599548881610138,176.23564477182583,156.39132101318344,104,112,0
2026-02-22 20:59:09.776539,18.92655726537838,9.89551998533997,61.185292136606655,107.08048515031558,168,108,0
2026-02-22 21:14:09.776539,97.0,19.008306216386863,83.37488054533051,448.0,139,127,1
2026-02-22 21:29:09.776539,16.297028314040297,6.438011843399464,90.79964014559374,83.6867666167994,101,224,0
2026-02-22 21:44:09.776539,18.8160484984882,21.77931756758927,173.8088940863504,70.20736621793884,98,116,0
2026-02-22 21:59:09.776539,95.0,33.676840659649216,144.07322108434275,504.0,124,145,1
2026-02-22 22:14:09.776539,91.0,8.904320193755336,161.0126080746041,547.0,133,275,1
2026-02-22 22:29:09.776539,38.84820539713274,10.216551212757162,68.31897484965455,94.72627544241428,154,164,0
2026-02-22 22:44:09.776539,93.0,22.76460968098195,146.50268524986342,726.0,128,155,1
2026-02-22 22:59:09.776539,22.36640040976266,31.37899895274872,196.17530008002706,154.20636703203212,192,189,0
2026-02-22 23:14:09.776539,87.0,24.07310867066035,72.07310122829452,711.0,159,128,1
2026-02-22 23:29:09.776539,89.0,37.00155172370087,84.46854531912354,507.0,173,169,1
2026-02-22 23:44:09.776539,37.60087303417599,42.79037172260259,124.82975740564142,125.73333561571431,176,249,0
2026-02-22 23:59:09.776539,20.574742210128868,13.357674741787969,86.90457342882193,141.25613503572222,171,198,0
2026-02-23 00:14:09.776539,15.452908667039964,5.5268532192129,102.17936390247574,125.38849478472518,99,160,0
2026-02-23 00:29:09.776539,24.231899888642396,38.15542686821645,182.4184882098052,140.40443811490644,136,250,0
2026-02-23 00:44:09.776539,13.313698497592698,26.49766003923405,66.51408615167996,178.7249904233402,113,208,0
2026-02-23 00:59:09.776539,98.0,25.46722867964114,77.86133907807857,678.0,181,121,1
2026-02-23 01:14:09.776539,53.57183204141909,42.308099285676235,179.2413341169061,59.0451349679941,97,137,0
2026-02-23 01:29:09.776539,96.0,21.62062409160867,136.4790580325869,577.0,152,230,1
2026-02-23 01:44:09.776539,26.431642512700563,44.72371720267576,163.3977439977578,90.31492955661224,110,100,0
2026-02-23 01:59:09.776539,38.55439820126291,30.076196068151823,55.98127037288794,67.81017205760733,100,290,0
2026-02-23 02:14:09.776539,31.525135036229265,10.81614995579255,147.35074054347848,80.71841474424582,168,268,0
2026-02-23 02:29:09.776539,15.093535883462842,22.719203614522876,147.58538008337217,177.38652301202686,80,262,0
2026-02-23 02:44:09.776539,96.0,17.53162459308638,172.88873404481473,410.0,98,194,1
2026-02-23 02:59:09.776539,89.0,15.91682146954699,73.98239059089585,544.0,140,276,1
2026-02-23 03:14:09.776539,36.78313640056352,25.251882288345662,75.89551184307533,121.00454280278845,151,110,0
2026-02-23 03:29:09.776539,15.611096933196846,33.34562925198975,75.42468546646887,168.24009549068958,156,115,0
2026-02-23 03:44:09.776539,21.05245063342614,30.565971936212165,104.75973849278472,71.9923036368824,187,195,0
2026-02-23 03:59:09.776539,26.653923205945382,18.571858923698215,196.9923286423199,102.18660010540901,166,154,0
2026-02-23 04:14:09.776539,38.522839429247824,17.94762504301665,110.64070708662794,165.57990832273845,128,250,0
2026-02-23 04:29:09.776539,57.75182362504595,28.385023260721805,169.90139042939057,98.69647208569897,135,241,0
2026-02-23 04:44:09.776539,33.75268406492515,6.680052375724452,83.3830557727173,159.37900832713214,139,193,0
2026-02-23 04:59:09.776539,18.713987679732135,10.332865241335304,180.7221358031188,138.00741955920353,182,186,0
2026-02-23 05:14:09.776539,59.33555733615117,24.816191593902655,157.38686357535656,61.4496669994892,160,163,0
2026-02-23 05:29:09.776539,21.058762078196025,19.85331821295562,180.77002616753086,113.62034993673939,115,300,0
2026-02-23 05:44:09.776539,91.0,42.890174416317365,59.89961253111555,698.0,107,263,1
2026-02-23 05:59:09.776539,59.96801182993936,9.127274757647413,121.6711707886223,160.33622742825253,168,296,0
2026-02-23 06:14:09.776539,28.26941268871683,11.363260321879912,157.45148644370698,180.84731207930457,93,233,0
2026-02-23 06:29:09.776539,96.0,37.965469261913945,60.74423032810375,538.0,182,189,1
2026-02-23 06:44:09.776539,44.02858109206891,9.625227101189758,191.3510653480461,52.24433089373306,154,281,0
2026-02-23 06:59:09.776539,12.586391287548828,44.86851073468631,190.7683245873183,60.09016560832671,174,143,0
2026-02-23 07:14:09.776539,24.89678798905514,41.577518630066685,86.63662102744802,80.20321768750203,154,203,0
2026-02-23 07:29:09.776539,33.14066526842015,42.808978510194905,191.65267642901003,169.5143461715204,87,194,0
2026-02-23 07:44:09.776539,27.465799525389254,46.79456862086963,99.22754780472329,80.20942443828723,171,150,0
2026-02-23 07:59:09.776539,51.81359482369176,31.404562319402444,103.73096976979198,160.6015659430082,162,249,0
2026-02-23 08:14:09.776539,24.288373049713734,15.858664839700072,136.18132314949023,74.18530144344352,152,228,0
2026-02-23 08:29:09.776539,47.13501434501897,49.78206930575293,122.43606155399189,72.02492506939268,94,145,0
2026-02-23 08:44:09.776539,95.0,29.093806833217336,103.56522429833402,702.0,175,216,1
2026-02-23 08:59:09.776539,16.66481382710208,38.746433243905365,57.5678460305251,126.7422344434438,110,250,0
2026-02-23 09:14:09.776539,37.511927198146395,15.36149406622973,143.69680582912164,84.97771417387276,114,254,0
2026-02-23 09:29:09.776539,93.0,29.086537826066497,145.88562064045152,447.0,86,202,1
2026-02-23 09:44:09.776539,44.55167595457069,32.259650436633216,194.44288993750925,191.06897161726673,121,166,0
2026-02-23 09:59:09.776539,10.391516310582263,40.476614942400886,85.35545501744203,65.2048026404495,178,152,0
2026-02-23 10:14:09.776539,17.81847540825236,46.16500957744681,133.88593970679943,158.7290252655804,179,172,0
2026-02-23 10:29:09.776539,19.16566454339085,6.030631422513698,152.88646420114597,170.6645764957148,177,223,0
2026-02-23 10:44:09.776539,19.785919693053508,45.207770700889974,51.52140773346606,112.00833767289072,125,231,0
2026-02-23 10:59:09.776539,98.0,20.85979329331336,186.39797187227546,684.0,191,288,1
2026-02-23 11:14:09.776539,100.0,17.57293355804741,139.46836882233856,554.0,126,104,1
2026-02-23 11:29:09.776539,53.81469986688631,42.82454013148704,95.41624873404868,138.15536015783164,163,124,0
2026-02-23 11:44:09.776539,95.0,11.757631022785741,150.5668676257216,441.0,135,103,1
2026-02-23 11:59:09.776539,92.0,37.793481869344724,90.62232681146875,727.0,167,131,1
2026-02-23 12:14:09.776539,52.90469331754991,36.24973880936817,169.27286577296212,112.72400749500048,128,127,0
2026-02-23 12:29:09.776539,50.93305253304249,36.7381389388195,186.2741255595954,56.23880204871914,156,225,0
2026-02-23 12:44:09.776539,26.902837276625572,45.0371603528014,67.99769658240022,126.22124944771282,125,151,0
2026-02-23 12:59:09.776539,52.710412972151,31.905506398313584,123.09131156505144,97.56807073557215,129,214,0
2026-02-23 13:14:09.776539,92.0,22.33816646246062,144.90531266754328,620.0,108,102,1
2026-02-23 13:29:09.776539,32.76468481669391,8.14216296411825,92.853871068612,101.8637388459747,94,129,0
2026-02-23 13:44:09.776539,30.65316789798607,18.058156571114147,171.4819815915571,84.87572979427519,129,177,0
2026-02-23 13:59:09.776539,40.59744348707875,33.179646366247,101.38444568940596,85.39149165051687,182,118,0
2026-02-23 14:14:09.776539,89.0,33.92201194910713,181.16630070945263,637.0,154,205,1
2026-02-23 14:29:09.776539,48.55174196294619,34.70511153825308,124.83935936276694,140.55209375089254,125,287,0
2026-02-23 14:44:09.776539,44.587328699927234,31.595245129882358,199.13431543933646,96.23407253997712,128,237,0
2026-02-23 14:59:09.776539,29.558212679569113,44.418550432253525,187.34418581759238,104.00775351514258,157,137,0
2026-02-23 15:14:09.776539,96.0,47.277904524791694,82.1439241108825,500.0,151,155,1
2026-02-23 15:29:09.776539,37.42561453915319,21.655079940456243,51.834431877752834,94.66567934538467,194,276,0
2026-02-23 15:44:09.776539,98.0,24.188445257558953,168.55859605971727,671.0,98,249,1
2026-02-23 15:59:09.776539,51.56297266409574,22.501229821970853,70.1583697892674,51.744902340636315,119,274,0
2026-02-23 16:14:09.776539,21.482647815440764,16.533715862998896,99.11274751833912,114.19488234815017,187,137,0
2026-02-23 16:29:09.776539,35.783712964898726,5.0729504297051,167.35606515004986,158.1158832708457,88,105,0
2026-02-23 16:44:09.776539,53.164300258241994,16.38923697100377,196.67294162855302,121.69575842628728,153,268,0
2026-02-23 16:59:09.776539,98.0,27.984964843475947,155.47030546336956,776.0,113,262,1
2026-02-23 17:14:09.776539,41.30008932846441,47.981360249549276,142.103359096011,173.52261523979593,134,111,0
2026-02-23 17:29:09.776539,98.0,8.69128580713208,59.3945432782382,619.0,97,300,1
2026-02-23 17:44:09.776539,54.47317857881534,40.70755922136546,133.1888223832123,81.35265267952668,128,266,0
2026-02-23 17:59:09.776539,33.02506108162946,26.061320723219012,171.99147114099299,62.170704238979326,87,236,0
2026-02-23 18:14:09.776539,32.47677137760831,41.91989414590644,65.4128859083588,73.31373725119191,165,171,0
2026-02-23 18:29:09.776539,38.98002880762991,38.84042310934622,178.5386379479353,127.92096998577439,199,221,0
2026-02-23 18:44:09.776539,33.560975600218256,9.45331333731006,174.67168389036902,79.65585893843377,104,193,0
2026-02-23 18:59:09.776539,34.17825026198753,7.675392588822359,177.8147718948993,151.65840527134435,181,182,0
2026-02-23 19:14:09.776539,15.818122549703531,10.930981379414483,156.1750460592717,144.84732152146677,92,214,0
2026-02-23 19:29:09.776539,46.77000832700161,14.590556567568964,58.05123399934978,138.99561135871957,188,106,0
2026-02-23 19:44:09.776539,49.485278360963825,45.282813938248616,144.29279341647197,83.07532906883957,99,207,0
2026-02-23 19:59:09.776539,86.0,41.49349229594002,115.65892837346462,445.0,135,109,1
2026-02-23 20:14:09.776539,58.03735911882613,47.07203364497843,74.23853849759958,155.93201882113544,178,163,0
2026-02-23 20:29:09.776539,34.1586263054747,25.758052626348547,150.0317685526122,106.95826707445043,110,142,0
2026-02-23 20:44:09.776539,15.729557189205847,26.016046067108313,87.17576921050482,139.36715611523027,142,105,0
2026-02-23 20:59:09.776539,56.64650489034239,11.071696540712953,160.8354411373116,195.49974251036835,144,132,0
2026-02-23 21:14:09.776539,59.300227228405845,40.54007717414751,80.60786482526792,167.0888892216198,164,191,0
2026-02-23 21:29:09.776539,58.82471427600352,48.52858871966614,137.14361808011145,103.46867927739706,104,185,0
2026-02-23 21:44:09.776539,48.0454958874509,17.54548334778291,88.55343199088699,190.64191319211372,86,263,0
2026-02-23 21:59:09.776539,92.0,29.011337108704996,51.50953312362081,689.0,124,270,1
2026-02-23 22:14:09.776539,19.028686547942428,45.59045592783016,50.00487480605842,113.54429761819338,91,107,0
2026-02-23 22:29:09.776539,17.480441970091118,22.71359172999418,72.7697056330315,109.96903455504332,105,232,0
2026-02-23 22:44:09.776539,10.4935297896204,7.64317862871362,182.06654836039127,61.4945257291784,128,150,0
2026-02-23 22:59:09.776539,41.66913583149917,48.3833106466846,145.13216948356433,184.80512359901115,83,111,0
2026-02-23 23:14:09.776539,35.18409155218468,32.42857252081214,94.48100434372127,51.78572616054956,148,135,0
2026-02-23 23:29:09.776539,16.13076676018639,14.59329997400689,79.46484948339327,144.53515745484992,124,141,0
2026-02-23 23:44:09.776539,93.0,12.136924481450919,189.5871308749609,660.0,193,224,1
2026-02-23 23:59:09.776539,53.11638051096002,40.38344957577206,170.73891244472372,196.96787709936652,98,114,0
2026-02-24 00:14:09.776539,99.0,27.78172275698219,52.84954382117654,668.0,80,194,1
2026-02-24 00:29:09.776539,29.052860642137148,13.828000915153268,162.51413613964868,93.23592945953293,91,179,0
2026-02-24 00:44:09.776539,40.34383061713521,36.875070177451356,158.85833626278247,108.0443798620907,95,121,0
2026-02-24 00:59:09.776539,95.0,35.14131675212945,131.27609874912667,488.0,194,251,1
2026-02-24 01:14:09.776539,29.087748020786005,49.80590370934685,68.14478258945368,71.72379545039269,161,162,0
2026-02-24 01:29:09.776539,35.55704198382206,10.13304207829934,115.28956510076561,196.7808623509266,100,195,0
2026-02-24 01:44:09.776539,39.874807764041506,39.56783347882935,143.49534707862972,99.92263321432992,168,270,0
2026-02-24 01:59:09.776539,31.801701732724787,37.621015664997046,86.98160117222353,62.659436884204425,90,255,0
2026-02-24 02:14:09.776539,87.0,23.7748186241742,51.55377732782877,458.0,106,102,1
2026-02-24 02:29:09.776539,19.825628042622053,28.37355657148881,167.76516666897203,134.13714128535435,174,169,0
2026-02-24 02:44:09.776539,96.0,30.345223732408872,161.24520359193627,712.0,87,263,1
2026-02-24 02:59:09.776539,92.0,34.15882466834086,170.50169202303772,432.0,139,284,1
2026-02-24 03:14:09.776539,59.953128170757246,17.72507145869071,105.73670307204202,106.7362627683446,83,212,0
2026-02-24 03:29:09.776539,88.0,13.345268718051575,125.91148983713987,458.0,193,224,1
2026-02-24 03:44:09.776539,45.4392939997761,44.846482574947466,184.1366083060321,88.104494749982,117,176,0
2026-02-24 03:59:09.776539,44.19633402964311,15.779329172779041,106.10107679132078,158.01297479171416,137,147,0
2026-02-24 04:14:09.776539,89.0,39.80669922799044,101.77653165619424,616.0,180,240,1
2026-02-24 04:29:09.776539,87.0,40.42171425668515,68.43203622584026,524.0,147,225,1
2026-02-24 04:44:09.776539,23.695875472993876,28.13102126678771,175.2760989585854,72.20263582954438,169,262,0
